"id","label","type","level","distribution","formula","shape","color"
"P1","Herd +","In",1,"Pert(0.2, 0.3, 0.4)",NA,"box","#8FFF91"
"P2","Herd -","In",1,"Pert(0.6, 0.7, 0.8)",NA,"box","#8FFF91"
"P3","Animal true +","In",2,"Pert(0.8, 0.9, 1)",NA,"box","#8FFF91"
"P4","Animal false +","In",2,"Pert(0.0, 0.1, 0.2)",NA,"box","#8FFF91"
"P5","Animal true -","In",2,"Pert(0.9, 0.98, 1)",NA,"box","#8FFF91"
"P6","Animal false -","In",2,"Pert(0.0, 0.02, 0.5)",NA,"box","#8FFF91"
"P7","Test + (herd +)","Out",3,NA,"P1*P3","box","#F5B041"
"P8","Test - (herd +)","Out",3,NA,"P1*P4","box","#F5B041"
"P9","Test - (herd -)","Out",3,NA,"P2*P5","box","#F5B041"
"P10","Test + (herd -)","Out",3,NA,"P2*P6","box","#F5B041"
"P11","Accept the cow","Out",4,NA,"P8+P9","box","#FF918F"
"P12","Reject the cow","Out",4,NA,"P7+P10","box","#FF918F"
