"id","from","to"
"Edge","N1","N2"
"3283333f-0b64-4efc-b7d8-6b1070eccb5a","P1","P4"
"c13fe74a-2e40-40ff-9cc4-ff4accff5104","P2","P4"
"98790ec8-3de4-419f-957b-5ff14e369146","P3","P4"
"ac41fe4b-ed15-4686-98b4-d0ec0ebc33fa","R1","R3"
"068c872f-6175-46e3-be0c-1ae3c5f7ccfb","R2","R3"
"e676c8fe-c857-49e2-9948-f3c0c8729352","P4","X"
"1a8753b8-7913-4b7f-b0ad-29306a49d696","R3","X"
"eda9522f-1241-45f8-8d86-2c9ebe555ad6","H1","Z"
"11a6581f-84df-4c9c-ac07-6abff5072d83","H2","Z"
"dbba4d77-0b1b-4c53-bd5b-3cb4d2b00538","Z","P"
"69b0b28e-a75f-4d69-badf-c107cac3b00a","X","P"
