id,label,type,level,distribution,formula,shape,color
P1,Prevalence,In,1,"Pert(0.5, 0.3, 0.6)",NA,box,#8FFF91
P2,Survival,In,1,"Pert(0.5, 0.3, 0.6)",NA,box,#8FFF91
P3,Detection,In,1,"Pert(0.5, 0.3, 0.6)",NA,box,#8FFF91
P4,Introduction,Out,2,NA,P1*P2*P3,box,#FF918F
R1,Swill feeding,In,1,"Pert(0.5, 0.4, 0.6)",NA,box,#8FFF91
R2,Food contamination,In,1,"Pert(0.5, 0.4, 0.6)",NA,box,#8FFF91
R3,Ingestion prob,Out,2,NA,R1*R2,box,#FF918F
X,Infection Probability,Out,3,NA,P4*R3,box,#FF918F
H1,Airport introduction,In,1,"Pert(500, 200, 1000)",NA,box,#8FFF91
H2,Seaports intro,In,1,"Pert(200, 100, 600)",NA,box,#8FFF91
Z,Total Introuctions,Out,2,NA,H1+H2,box,#FF918F
P,Total risk,Out,4,NA,X*Z,box,#FF918F