"id","label","type","level","distribution","formula"
"P1","Prevalence","In",1,"Pert(0.1, 0.54, 0.75)",NA
"P2","Survival","In",1,"Pert(0.01, 0.1, 0.6)",NA
"P3","Detection","In",1,"Pert(0.1, 0.25, 0.55)",NA
"P4","Introduction","Out",2,NA,"P1*P2*P3"
"R1","Swill feeding","In",1,"Pert(0.1, 0.8, 0.95)",NA
"R2","Food contamination","In",1,"Pert(0.1, 0.55, 0.96)",NA
"R3","Ingestion prob","Out",2,NA,"R1*R2"
"X","Infection Probability","Out",3,NA,"P4*R3"
"H1","Airport introduction","In",1,"Pert(0, 32, 160)",NA
"H2","Seaports intro","In",1,"Pert(0, 22, 90)",NA
"Z","Total Introductions","Out",2,NA,"H1+H2"
"P","Total risk","Out",4,NA,"X*Z"
