"id","label","type","level","mean","min","max","formula","shape","color"
"P1","Prob of Infection","In",0,0.5,0.4,0.7,NA,"box","#8FFF91"
"P2L","Pig selected for export","In",0,0.1,0.01,0.3,NA,"box","#8FFF91"
"P3","Infection Survival","In",0,0.2,0.05,0.8,NA,"box","#8FFF91"
"P4","Transport Survival","In",0,0.0027,5e-04,0.092,"","box","#8FFF91"
"Pd","Pigs going to a farm","In",0,0.7,0.3,0.8,NA,"box","#8FFF91"
"Pq","Quarantine","In",0,0.9,0.6,0.95,NA,"box","#8FFF91"
"Pu","Detection at Quarantine","In",0,0.6,0.5,0.8,NA,"box","#8FFF91"
"Pf","Probability of Introduction","Out",0,NA,NA,NA,"P1*P2L*P3*P4*Pd*Pu","box","#FF918F"
