"id","label","type","level","distribution","formula","shape","color"
"SFWr","Prop of Food Waste in SF","In",0,"Pert(0.01, 0.03, 0.07)",NA,"box","#8FFF91"
"Pil","Proportion of Illegal SF","In",0,"Beta(99.7, 6.2)",NA,"box","#8FFF91"
"WR","Prop of food waste","In",0,"Normal(0.11, 0.02)",NA,"box","#8FFF91"
"SFr","Prob of domestic having 
 access to pork waste","Out",1,NA,"WR*SFWr*Pil","box","#FF918F"
"LFWR","Proportion of FW 
  discarded in landfills","In",0,"Normal(0.6, 0.1)",NA,"box","#8FFF91"
"FPA","Probability of 
 feral pig having access to landfills","In",0,"Pert(0.05, 0.1, 0.2)",NA,"box","#8FFF91"
"LFFP","Probability of feral pig 
 presence in landfills and trash ","In",0,"Pert(0.01, 0.74, 0.97)",NA,"box","#8FFF91"
"PLf","Probability of feral pigs 
 of having access to FW in landfills","Out",1,NA,"WR*LFWR*FPA*LFFP","box","#FF918F"
"Pex","Probability of Exposure","Out",2,NA,"SFr + PLf","box","#FF918F"
"Mp"," Average weigth of the products (kg) 
 obtained per slaughtered pig","In",0,"Normal(98.36246434,0.729524418)",NA,"box","#8FFF91"
"To","Average herd size 
 in the country","In",0,"Normal(87.57987424,27.43623973)",NA,"box","#8FFF91"
"P3","Probability that an ASF-infected 
 pig survives the ASF infection","In",0,"Pert(0.05, 0.2, 0.99)",NA,"box","#8FFF91"
"P4","Probability that the ASFV-infected pig 
 survives the transportation","In",0,"Pert(0.0005, 0.0027, 0.092)",NA,"box","#8FFF91"
"Psm","Probability of a pig going 
 to slaughterhouse","In",0,"Normal(0.18, 0.02)",NA,"box","#8FFF91"
"Pus","Probability that an ASFV-infected 
 pig is undetected","In",0,"Beta(1.33,34.16)",NA,"box","#8FFF91"
"Pm","Probability that an ASFV-infected pig 
 is transformed into meat","Out",1,NA,"P3*P4*Psm*Pus","box","#FF918F"
"Ou","Expected number of undetected outbreaks 
 before official notification","In",0,"Pert(1, 1.28, 6)",NA,"box","#8FFF91"
"Hp","Intraherd prevalence","In",0,"Pert(0.05, 0.15, 0.32)",NA,"box","#8FFF91"
"Qim","Quantity of pig products in the country","Out",1,NA,"Ou*To*Hp*Pm*Mp","box","#FF918F"
"Nm","Total meat production in 
 the country of origin per year","In",0,"Normal(46014325,3484165.657)",NA,"box","#8FFF91"
"P2","Prob of selecting ASV contaminated meat","Out",2,NA,"rbeta(1, Qim+1, Nm-(Qim+1))","box","#FF918F"
"P1","Prob of ASFv Infection in a country","In",1,"Beta(1,203)",NA,"box","#8FFF91"
"Pre","Probability of exposure","Out",3,NA,"P1*P2","box","#FF918F"
"nodm","Kilograms of products imported","In",0,"693595.5",NA,"box","#8FFF91"
"Pf","Final probability","Out",4,NA,"1-(1-Pre * Pex)^nodm","box","#FF918F"
